query,page,clicks,impressions,ctr,position,raw_url,normalized_url,note
"fotos profissionais",NOT_AVAILABLE,NOT_AVAILABLE,NOT_AVAILABLE,NOT_AVAILABLE,NOT_AVAILABLE,NOT_AVAILABLE,NOT_AVAILABLE,BLOCKED — coleta identica a 01 (mesmo filtro de pagina)
"fotografia profissional",NOT_AVAILABLE,NOT_AVAILABLE,NOT_AVAILABLE,NOT_AVAILABLE,NOT_AVAILABLE,NOT_AVAILABLE,NOT_AVAILABLE,BLOCKED — idem
"fotografo profissional",NOT_AVAILABLE,NOT_AVAILABLE,NOT_AVAILABLE,NOT_AVAILABLE,NOT_AVAILABLE,NOT_AVAILABLE,NOT_AVAILABLE,BLOCKED — idem
"fotógrafo profissional",NOT_AVAILABLE,NOT_AVAILABLE,NOT_AVAILABLE,NOT_AVAILABLE,NOT_AVAILABLE,NOT_AVAILABLE,NOT_AVAILABLE,BLOCKED — idem
"foto profissional são paulo",NOT_AVAILABLE,NOT_AVAILABLE,NOT_AVAILABLE,NOT_AVAILABLE,NOT_AVAILABLE,NOT_AVAILABLE,NOT_AVAILABLE,BLOCKED — idem
"foto profissional sp",NOT_AVAILABLE,NOT_AVAILABLE,NOT_AVAILABLE,NOT_AVAILABLE,NOT_AVAILABLE,NOT_AVAILABLE,NOT_AVAILABLE,BLOCKED — idem
"fotos profissionais são paulo",NOT_AVAILABLE,NOT_AVAILABLE,NOT_AVAILABLE,NOT_AVAILABLE,NOT_AVAILABLE,NOT_AVAILABLE,NOT_AVAILABLE,BLOCKED — idem
"fotografia profissional são paulo",NOT_AVAILABLE,NOT_AVAILABLE,NOT_AVAILABLE,NOT_AVAILABLE,NOT_AVAILABLE,NOT_AVAILABLE,NOT_AVAILABLE,BLOCKED — idem
CONTEXTO_SEPARADO,,,,,,,,"Apenas para referencia (NAO e query×page): no snapshot 09/17 a dimensao QUERIAS isolada mostrou fotografo profissional ~713 impr pos 9,17 e fotografia profissional ~1.232 impr pos 13,15 — sem pagina associada comprovada"
